Timestamp,CP_ID,Message_Type,Label
2025-12-11T21:59:08.068991,CP_003,BootNotification,normal
2025-12-11T21:59:08.069341,CP_005,BootNotification,normal
2025-12-11T21:59:08.069695,CP_001,BootNotification,normal
2025-12-11T21:59:08.070012,CP_004,BootNotification,normal
2025-12-11T21:59:08.078212,CP_002,BootNotification,normal
2025-12-11T21:59:10.638941,CP_008,BootNotification,normal
2025-12-11T21:59:10.639157,CP_006,BootNotification,normal
2025-12-11T21:59:10.639639,CP_010,BootNotification,normal
2025-12-11T21:59:10.640426,CP_007,BootNotification,normal
2025-12-11T21:59:10.640923,CP_009,BootNotification,normal
2025-12-11T21:59:10+00:00,CP_001,StatusNotification,normal
2025-12-11T21:59:10+00:00,CP_002,StatusNotification,normal
2025-12-11T21:59:10+00:00,CP_003,StatusNotification,normal
2025-12-11T21:59:10+00:00,CP_004,StatusNotification,normal
2025-12-11T21:59:11+00:00,CP_005,StatusNotification,normal
2025-12-11T21:59:11+00:00,CP_006,StatusNotification,normal
2025-12-11T21:59:11+00:00,CP_007,StatusNotification,normal
2025-12-11T21:59:11+00:00,CP_008,StatusNotification,normal
2025-12-11T21:59:11+00:00,CP_009,StatusNotification,normal
2025-12-11T21:59:11+00:00,CP_010,StatusNotification,normal
2025-12-11T21:59:11.759428,CP_001,Authorize,normal
2025-12-11T21:59:11+00:00,CP_001,StatusNotification,normal
2025-12-11T21:59:11+00:00,CP_001,StartTransaction,normal
2025-12-11T21:59:11+00:00,CP_001,StatusNotification,normal
2025-12-11T21:59:11.871192,CP_002,Authorize,normal
2025-12-11T21:59:11+00:00,CP_002,StatusNotification,normal
2025-12-11T21:59:11+00:00,CP_002,StartTransaction,normal
2025-12-11T21:59:11+00:00,CP_002,StatusNotification,normal
2025-12-11T21:59:11.982276,CP_003,Authorize,normal
2025-12-11T21:59:11+00:00,CP_003,StatusNotification,normal
2025-12-11T21:59:12+00:00,CP_003,StartTransaction,normal
2025-12-11T21:59:12+00:00,CP_003,StatusNotification,normal
2025-12-11T21:59:12.091461,CP_004,Authorize,normal
2025-12-11T21:59:12+00:00,CP_004,StatusNotification,normal
2025-12-11T21:59:12+00:00,CP_004,StartTransaction,normal
2025-12-11T21:59:12+00:00,CP_004,StatusNotification,normal
2025-12-11T21:59:12.213628,CP_005,Authorize,normal
2025-12-11T21:59:12+00:00,CP_005,StatusNotification,normal
2025-12-11T21:59:12+00:00,CP_005,StartTransaction,normal
2025-12-11T21:59:12+00:00,CP_005,StatusNotification,normal
2025-12-11T21:59:12.322495,CP_006,Authorize,normal
2025-12-11T21:59:12+00:00,CP_006,StatusNotification,normal
2025-12-11T21:59:12+00:00,CP_006,StartTransaction,normal
2025-12-11T21:59:12+00:00,CP_006,StatusNotification,normal
2025-12-11T21:59:12.440189,CP_007,Authorize,normal
2025-12-11T21:59:12+00:00,CP_007,StatusNotification,normal
2025-12-11T21:59:12+00:00,CP_007,StartTransaction,normal
2025-12-11T21:59:12+00:00,CP_007,StatusNotification,normal
2025-12-11T21:59:12.553401,CP_008,Authorize,normal
2025-12-11T21:59:12+00:00,CP_008,StatusNotification,normal
2025-12-11T21:59:12+00:00,CP_008,StartTransaction,normal
2025-12-11T21:59:12+00:00,CP_008,StatusNotification,normal
2025-12-11T21:59:12.672601,CP_009,Authorize,normal
2025-12-11T21:59:12+00:00,CP_009,StatusNotification,normal
2025-12-11T21:59:12+00:00,CP_009,StartTransaction,normal
2025-12-11T21:59:12+00:00,CP_009,StatusNotification,normal
2025-12-11T21:59:12.787745,CP_010,Authorize,normal
2025-12-11T21:59:12+00:00,CP_010,StatusNotification,normal
2025-12-11T21:59:12+00:00,CP_010,StartTransaction,normal
2025-12-11T21:59:12+00:00,CP_010,StatusNotification,normal
2025-12-11T21:59:12.898477,CP_001,MeterValues,normal
2025-12-11T21:59:12.901753,CP_002,MeterValues,normal
2025-12-11T21:59:12.903711,CP_003,MeterValues,normal
2025-12-11T21:59:12.906018,CP_004,MeterValues,normal
2025-12-11T21:59:12.908471,CP_005,MeterValues,normal
2025-12-11T21:59:12.910780,CP_006,MeterValues,normal
2025-12-11T21:59:12.912385,CP_007,MeterValues,normal
2025-12-11T21:59:12.914940,CP_008,MeterValues,normal
2025-12-11T21:59:12.918074,CP_009,MeterValues,normal
2025-12-11T21:59:12.920677,CP_010,MeterValues,normal
2025-12-11T21:59:13.933456,CP_001,MeterValues,normal
2025-12-11T21:59:13.936013,CP_002,MeterValues,normal
2025-12-11T21:59:13.937785,CP_003,MeterValues,normal
2025-12-11T21:59:13.939974,CP_004,MeterValues,normal
2025-12-11T21:59:13.942629,CP_005,MeterValues,normal
2025-12-11T21:59:13.945309,CP_006,MeterValues,normal
2025-12-11T21:59:13.946884,CP_007,MeterValues,normal
2025-12-11T21:59:13.949221,CP_008,MeterValues,normal
2025-12-11T21:59:13.952806,CP_009,MeterValues,normal
2025-12-11T21:59:13.955176,CP_010,MeterValues,normal
2025-12-11T21:59:14.961674,CP_001,MeterValues,normal
2025-12-11T21:59:14.964273,CP_002,MeterValues,normal
2025-12-11T21:59:14.966900,CP_003,MeterValues,normal
2025-12-11T21:59:14.968634,CP_004,MeterValues,normal
2025-12-11T21:59:14.970667,CP_005,MeterValues,normal
2025-12-11T21:59:14.972939,CP_006,MeterValues,normal
2025-12-11T21:59:14.974802,CP_007,MeterValues,normal
2025-12-11T21:59:14.977460,CP_008,MeterValues,normal
2025-12-11T21:59:14.979239,CP_009,MeterValues,normal
2025-12-11T21:59:14.981015,CP_010,MeterValues,normal
2025-12-11T21:59:15.994699,CP_001,MeterValues,normal
2025-12-11T21:59:15.998513,CP_002,MeterValues,normal
2025-12-11T21:59:16.002586,CP_003,MeterValues,normal
2025-12-11T21:59:16.006309,CP_004,MeterValues,normal
2025-12-11T21:59:16.010748,CP_005,MeterValues,normal
2025-12-11T21:59:16.015155,CP_006,MeterValues,normal
2025-12-11T21:59:16.019171,CP_007,MeterValues,normal
2025-12-11T21:59:16.023656,CP_008,MeterValues,normal
2025-12-11T21:59:16.028085,CP_009,MeterValues,normal
2025-12-11T21:59:16.031852,CP_010,MeterValues,normal
2025-12-11T21:59:17.039189,CP_001,MeterValues,normal
2025-12-11T21:59:17.041152,CP_002,MeterValues,normal
2025-12-11T21:59:17.042634,CP_003,MeterValues,normal
2025-12-11T21:59:17.044066,CP_004,MeterValues,normal
2025-12-11T21:59:17.046578,CP_005,MeterValues,normal
2025-12-11T21:59:17.049428,CP_006,MeterValues,normal
2025-12-11T21:59:17.053207,CP_007,MeterValues,normal
2025-12-11T21:59:17.055876,CP_008,MeterValues,normal
2025-12-11T21:59:17.057624,CP_009,MeterValues,normal
2025-12-11T21:59:17.059874,CP_010,MeterValues,normal
2025-12-11T21:59:18.063268,CP_001,MeterValues,normal
2025-12-11T21:59:18.065086,CP_002,MeterValues,normal
2025-12-11T21:59:18.067871,CP_003,MeterValues,normal
2025-12-11T21:59:18.069971,CP_004,MeterValues,normal
2025-12-11T21:59:18.071777,CP_005,MeterValues,normal
2025-12-11T21:59:18.074859,CP_006,MeterValues,normal
2025-12-11T21:59:18.077784,CP_007,MeterValues,normal
2025-12-11T21:59:18.079936,CP_005,Heartbeat,normal
2025-12-11T21:59:18.080623,CP_003,Heartbeat,normal
2025-12-11T21:59:18.080980,CP_004,Heartbeat,normal
2025-12-11T21:59:18.081359,CP_001,Heartbeat,normal
2025-12-11T21:59:18.084386,CP_002,Heartbeat,normal
2025-12-11T21:59:18.085687,CP_008,MeterValues,normal
2025-12-11T21:59:18.089079,CP_009,MeterValues,normal
2025-12-11T21:59:18.090726,CP_010,MeterValues,normal
2025-12-11T21:59:19.107953,CP_001,MeterValues,normal
2025-12-11T21:59:19.110193,CP_002,MeterValues,normal
2025-12-11T21:59:19.111852,CP_003,MeterValues,normal
2025-12-11T21:59:19.113362,CP_004,MeterValues,normal
2025-12-11T21:59:19.115808,CP_005,MeterValues,normal
2025-12-11T21:59:19.119516,CP_006,MeterValues,normal
2025-12-11T21:59:19.122794,CP_007,MeterValues,normal
2025-12-11T21:59:19.125325,CP_008,MeterValues,normal
2025-12-11T21:59:19.126794,CP_009,MeterValues,normal
2025-12-11T21:59:19.129238,CP_010,MeterValues,normal
2025-12-11T21:59:20.141569,CP_001,MeterValues,normal
2025-12-11T21:59:20.143962,CP_002,MeterValues,normal
2025-12-11T21:59:20.145695,CP_003,MeterValues,normal
2025-12-11T21:59:20.147245,CP_004,MeterValues,normal
2025-12-11T21:59:20.149941,CP_005,MeterValues,normal
2025-12-11T21:59:20.153616,CP_006,MeterValues,normal
2025-12-11T21:59:20.156469,CP_007,MeterValues,normal
2025-12-11T21:59:20.158724,CP_008,MeterValues,normal
2025-12-11T21:59:20.160304,CP_009,MeterValues,normal
2025-12-11T21:59:20.161762,CP_010,MeterValues,normal
2025-12-11T21:59:20.675953,CP_008,Heartbeat,normal
2025-12-11T21:59:20.676130,CP_010,Heartbeat,normal
2025-12-11T21:59:20.676302,CP_009,Heartbeat,normal
2025-12-11T21:59:20.676612,CP_007,Heartbeat,normal
2025-12-11T21:59:20.676880,CP_006,Heartbeat,normal
2025-12-11T21:59:21.172824,CP_001,MeterValues,normal
2025-12-11T21:59:21.175017,CP_002,MeterValues,normal
2025-12-11T21:59:21.176961,CP_003,MeterValues,normal
2025-12-11T21:59:21.178806,CP_004,MeterValues,normal
2025-12-11T21:59:21.180377,CP_005,MeterValues,normal
2025-12-11T21:59:21.182150,CP_006,MeterValues,normal
2025-12-11T21:59:21.184955,CP_007,MeterValues,normal
2025-12-11T21:59:21.188170,CP_008,MeterValues,normal
2025-12-11T21:59:21.190304,CP_009,MeterValues,normal
2025-12-11T21:59:21.193460,CP_010,MeterValues,normal
2025-12-11T21:59:22.202088,CP_001,MeterValues,normal
2025-12-11T21:59:22.204475,CP_002,MeterValues,normal
2025-12-11T21:59:22.206407,CP_003,MeterValues,normal
2025-12-11T21:59:22.207867,CP_004,MeterValues,normal
2025-12-11T21:59:22.209524,CP_005,MeterValues,normal
2025-12-11T21:59:22.211996,CP_006,MeterValues,normal
2025-12-11T21:59:22.214569,CP_007,MeterValues,normal
2025-12-11T21:59:22.216371,CP_008,MeterValues,normal
2025-12-11T21:59:22.218044,CP_009,MeterValues,normal
2025-12-11T21:59:22.221111,CP_010,MeterValues,normal
2025-12-11T21:59:23.230498,CP_001,MeterValues,normal
2025-12-11T21:59:23.233568,CP_002,MeterValues,normal
2025-12-11T21:59:23.235445,CP_003,MeterValues,normal
2025-12-11T21:59:23.237636,CP_004,MeterValues,normal
2025-12-11T21:59:23.240675,CP_005,MeterValues,normal
2025-12-11T21:59:23.242769,CP_006,MeterValues,normal
2025-12-11T21:59:23.244660,CP_007,MeterValues,normal
2025-12-11T21:59:23.247925,CP_008,MeterValues,normal
2025-12-11T21:59:23.249954,CP_009,MeterValues,normal
2025-12-11T21:59:23.251745,CP_010,MeterValues,normal
2025-12-11T21:59:24.260552,CP_001,MeterValues,normal
2025-12-11T21:59:24.262927,CP_002,MeterValues,normal
2025-12-11T21:59:24.264556,CP_003,MeterValues,normal
2025-12-11T21:59:24.266796,CP_004,MeterValues,normal
2025-12-11T21:59:24.269911,CP_005,MeterValues,normal
2025-12-11T21:59:24.273742,CP_006,MeterValues,normal
2025-12-11T21:59:24.276317,CP_007,MeterValues,normal
2025-12-11T21:59:24.278031,CP_008,MeterValues,normal
2025-12-11T21:59:24.279962,CP_009,MeterValues,normal
2025-12-11T21:59:24.282577,CP_010,MeterValues,normal
2025-12-11T21:59:25.295392,CP_001,MeterValues,normal
2025-12-11T21:59:25.297588,CP_002,MeterValues,normal
2025-12-11T21:59:25.299005,CP_003,MeterValues,normal
2025-12-11T21:59:25.301002,CP_004,MeterValues,normal
2025-12-11T21:59:25.302847,CP_005,MeterValues,normal
2025-12-11T21:59:25.305938,CP_006,MeterValues,normal
2025-12-11T21:59:25.309184,CP_007,MeterValues,normal
2025-12-11T21:59:25.311575,CP_008,MeterValues,normal
2025-12-11T21:59:25.313307,CP_009,MeterValues,normal
2025-12-11T21:59:25.315730,CP_010,MeterValues,normal
2025-12-11T21:59:26.330563,CP_001,MeterValues,normal
2025-12-11T21:59:26.332884,CP_002,MeterValues,normal
2025-12-11T21:59:26.334892,CP_003,MeterValues,normal
2025-12-11T21:59:26.337142,CP_004,MeterValues,normal
2025-12-11T21:59:26.339164,CP_005,MeterValues,normal
2025-12-11T21:59:26.340954,CP_006,MeterValues,normal
2025-12-11T21:59:26.343391,CP_007,MeterValues,normal
2025-12-11T21:59:26.345699,CP_008,MeterValues,normal
2025-12-11T21:59:26.347443,CP_009,MeterValues,normal
2025-12-11T21:59:26.349045,CP_010,MeterValues,normal
2025-12-11T21:59:27.361275,CP_001,MeterValues,normal
2025-12-11T21:59:27.363276,CP_002,MeterValues,normal
2025-12-11T21:59:27.365478,CP_003,MeterValues,normal
2025-12-11T21:59:27.367390,CP_004,MeterValues,normal
2025-12-11T21:59:27.369216,CP_005,MeterValues,normal
2025-12-11T21:59:27.371613,CP_006,MeterValues,normal
2025-12-11T21:59:27.373580,CP_007,MeterValues,normal
2025-12-11T21:59:27.375290,CP_008,MeterValues,normal
2025-12-11T21:59:27.377447,CP_009,MeterValues,normal
2025-12-11T21:59:27.380246,CP_010,MeterValues,normal
2025-12-11T21:59:28.092117,CP_002,Heartbeat,normal
2025-12-11T21:59:28.092308,CP_004,Heartbeat,normal
2025-12-11T21:59:28.092465,CP_005,Heartbeat,normal
2025-12-11T21:59:28.092685,CP_001,Heartbeat,normal
2025-12-11T21:59:28.105324,CP_003,Heartbeat,normal
2025-12-11T21:59:28.385866,CP_001,MeterValues,normal
2025-12-11T21:59:28.388163,CP_002,MeterValues,normal
2025-12-11T21:59:28.389823,CP_003,MeterValues,normal
2025-12-11T21:59:28.392538,CP_004,MeterValues,normal
2025-12-11T21:59:28.394208,CP_005,MeterValues,normal
2025-12-11T21:59:28.395745,CP_006,MeterValues,normal
2025-12-11T21:59:28.398280,CP_007,MeterValues,normal
2025-12-11T21:59:28.401239,CP_008,MeterValues,normal
2025-12-11T21:59:28.403369,CP_009,MeterValues,normal
2025-12-11T21:59:28.405771,CP_010,MeterValues,normal
2025-12-11T21:59:29.420437,CP_001,MeterValues,normal
2025-12-11T21:59:29.422424,CP_002,MeterValues,normal
2025-12-11T21:59:29.423976,CP_003,MeterValues,normal
2025-12-11T21:59:29.426540,CP_004,MeterValues,normal
2025-12-11T21:59:29.428437,CP_005,MeterValues,normal
2025-12-11T21:59:29.430907,CP_006,MeterValues,normal
2025-12-11T21:59:29.433412,CP_007,MeterValues,normal
2025-12-11T21:59:29.435980,CP_008,MeterValues,normal
2025-12-11T21:59:29.438079,CP_009,MeterValues,normal
2025-12-11T21:59:29.441600,CP_010,MeterValues,normal
2025-12-11T21:59:30.447370,CP_001,MeterValues,normal
2025-12-11T21:59:30.449962,CP_002,MeterValues,normal
2025-12-11T21:59:30.455732,CP_003,MeterValues,normal
2025-12-11T21:59:30.457438,CP_004,MeterValues,normal
2025-12-11T21:59:30.459177,CP_005,MeterValues,normal
2025-12-11T21:59:30.461941,CP_006,MeterValues,normal
2025-12-11T21:59:30.463790,CP_007,MeterValues,normal
2025-12-11T21:59:30.465403,CP_008,MeterValues,normal
2025-12-11T21:59:30.467393,CP_009,MeterValues,normal
2025-12-11T21:59:30.469543,CP_010,MeterValues,normal
2025-12-11T21:59:30.692867,CP_008,Heartbeat,normal
2025-12-11T21:59:30.692980,CP_009,Heartbeat,normal
2025-12-11T21:59:30.693119,CP_007,Heartbeat,normal
2025-12-11T21:59:30.693295,CP_010,Heartbeat,normal
2025-12-11T21:59:30.693465,CP_006,Heartbeat,normal
2025-12-11T21:59:31.476382,CP_001,MeterValues,normal
2025-12-11T21:59:31.478340,CP_002,MeterValues,normal
2025-12-11T21:59:31.480394,CP_003,MeterValues,normal
2025-12-11T21:59:31.482595,CP_004,MeterValues,normal
2025-12-11T21:59:31.484311,CP_005,MeterValues,normal
2025-12-11T21:59:31.486486,CP_006,MeterValues,normal
2025-12-11T21:59:31.489288,CP_007,MeterValues,normal
2025-12-11T21:59:31.491601,CP_008,MeterValues,normal
2025-12-11T21:59:31.493140,CP_009,MeterValues,normal
2025-12-11T21:59:31.495346,CP_010,MeterValues,normal
2025-12-11T21:59:32.500854,CP_001,MeterValues,normal
2025-12-11T21:59:32.503485,CP_002,MeterValues,normal
2025-12-11T21:59:32.505794,CP_003,MeterValues,normal
2025-12-11T21:59:32.507518,CP_004,MeterValues,normal
2025-12-11T21:59:32.510144,CP_005,MeterValues,normal
2025-12-11T21:59:32.512407,CP_006,MeterValues,normal
2025-12-11T21:59:32.514017,CP_007,MeterValues,normal
2025-12-11T21:59:32.517248,CP_008,MeterValues,normal
2025-12-11T21:59:32.519997,CP_009,MeterValues,normal
2025-12-11T21:59:32.522742,CP_010,MeterValues,normal
2025-12-11T21:59:33.540678,CP_001,MeterValues,normal
2025-12-11T21:59:33.543230,CP_002,MeterValues,normal
2025-12-11T21:59:33.545379,CP_003,MeterValues,normal
2025-12-11T21:59:33.546882,CP_004,MeterValues,normal
2025-12-11T21:59:33.549248,CP_005,MeterValues,normal
2025-12-11T21:59:33.552776,CP_006,MeterValues,normal
2025-12-11T21:59:33.555545,CP_007,MeterValues,normal
2025-12-11T21:59:33.558139,CP_008,MeterValues,normal
2025-12-11T21:59:33.559962,CP_009,MeterValues,normal
2025-12-11T21:59:33.561609,CP_010,MeterValues,normal
2025-12-11T21:59:34.565002,CP_001,MeterValues,normal
2025-12-11T21:59:34.566823,CP_002,MeterValues,normal
2025-12-11T21:59:34.569435,CP_003,MeterValues,normal
2025-12-11T21:59:34.572222,CP_004,MeterValues,normal
2025-12-11T21:59:34.574066,CP_005,MeterValues,normal
2025-12-11T21:59:34.575802,CP_006,MeterValues,normal
2025-12-11T21:59:34.578547,CP_007,MeterValues,normal
2025-12-11T21:59:34.580833,CP_008,MeterValues,normal
2025-12-11T21:59:34.582544,CP_009,MeterValues,normal
2025-12-11T21:59:34.596040,CP_010,MeterValues,normal
2025-12-11T21:59:35.608620,CP_001,MeterValues,normal
2025-12-11T21:59:35.610741,CP_002,MeterValues,normal
2025-12-11T21:59:35.613524,CP_003,MeterValues,normal
2025-12-11T21:59:35.615430,CP_004,MeterValues,normal
2025-12-11T21:59:35.618151,CP_005,MeterValues,normal
2025-12-11T21:59:35.621120,CP_006,MeterValues,normal
2025-12-11T21:59:35.623207,CP_007,MeterValues,normal
2025-12-11T21:59:35.624980,CP_008,MeterValues,normal
2025-12-11T21:59:35.627648,CP_009,MeterValues,normal
2025-12-11T21:59:35.629650,CP_010,MeterValues,normal
2025-12-11T21:59:36.647350,CP_001,MeterValues,normal
2025-12-11T21:59:36.650060,CP_002,MeterValues,normal
2025-12-11T21:59:36.652176,CP_003,MeterValues,normal
2025-12-11T21:59:36.654379,CP_004,MeterValues,normal
2025-12-11T21:59:36.656227,CP_005,MeterValues,normal
2025-12-11T21:59:36.658122,CP_006,MeterValues,normal
2025-12-11T21:59:36.660897,CP_007,MeterValues,normal
2025-12-11T21:59:36.663434,CP_008,MeterValues,normal
2025-12-11T21:59:36.665036,CP_009,MeterValues,normal
2025-12-11T21:59:36.666485,CP_010,MeterValues,normal
2025-12-11T21:59:37.683132,CP_001,MeterValues,normal
2025-12-11T21:59:37.684970,CP_002,MeterValues,normal
2025-12-11T21:59:37.686722,CP_003,MeterValues,normal
2025-12-11T21:59:37.689322,CP_004,MeterValues,normal
2025-12-11T21:59:37.690842,CP_005,MeterValues,normal
2025-12-11T21:59:37.692543,CP_006,MeterValues,normal
2025-12-11T21:59:37.694180,CP_007,MeterValues,normal
2025-12-11T21:59:37.696628,CP_008,MeterValues,normal
2025-12-11T21:59:37.698962,CP_009,MeterValues,normal
2025-12-11T21:59:37.700830,CP_010,MeterValues,normal
2025-12-11T21:59:38.119764,CP_003,Heartbeat,normal
2025-12-11T21:59:38.119879,CP_004,Heartbeat,normal
2025-12-11T21:59:38.120089,CP_005,Heartbeat,normal
2025-12-11T21:59:38.120149,CP_002,Heartbeat,normal
2025-12-11T21:59:38.120229,CP_001,Heartbeat,normal
2025-12-11T21:59:38.717684,CP_001,MeterValues,normal
2025-12-11T21:59:38.719889,CP_002,MeterValues,normal
2025-12-11T21:59:38.721894,CP_003,MeterValues,normal
2025-12-11T21:59:38.723967,CP_004,MeterValues,normal
2025-12-11T21:59:38.725609,CP_005,MeterValues,normal
2025-12-11T21:59:38.728169,CP_006,MeterValues,normal
2025-12-11T21:59:38.731393,CP_007,MeterValues,normal
2025-12-11T21:59:38.734243,CP_008,MeterValues,normal
2025-12-11T21:59:38.735990,CP_009,MeterValues,normal
2025-12-11T21:59:38.738291,CP_010,MeterValues,normal
2025-12-11T21:59:39.746187,CP_001,MeterValues,normal
2025-12-11T21:59:39.748013,CP_002,MeterValues,normal
2025-12-11T21:59:39.749391,CP_003,MeterValues,normal
2025-12-11T21:59:39.751861,CP_004,MeterValues,normal
2025-12-11T21:59:39.753902,CP_005,MeterValues,normal
2025-12-11T21:59:39.756169,CP_006,MeterValues,normal
2025-12-11T21:59:39.758416,CP_007,MeterValues,normal
2025-12-11T21:59:39.760857,CP_008,MeterValues,normal
2025-12-11T21:59:39.762580,CP_009,MeterValues,normal
2025-12-11T21:59:39.764456,CP_010,MeterValues,normal
2025-12-11T21:59:40.705681,CP_008,Heartbeat,normal
2025-12-11T21:59:40.705793,CP_007,Heartbeat,normal
2025-12-11T21:59:40.705897,CP_010,Heartbeat,normal
2025-12-11T21:59:40.705992,CP_009,Heartbeat,normal
2025-12-11T21:59:40.706097,CP_006,Heartbeat,normal
2025-12-11T21:59:40.772687,CP_001,MeterValues,normal
2025-12-11T21:59:40.774596,CP_002,MeterValues,normal
2025-12-11T21:59:40.776019,CP_003,MeterValues,normal
2025-12-11T21:59:40.777656,CP_004,MeterValues,normal
2025-12-11T21:59:40.779635,CP_005,MeterValues,normal
2025-12-11T21:59:40.781174,CP_006,MeterValues,normal
2025-12-11T21:59:40.782540,CP_007,MeterValues,normal
2025-12-11T21:59:40.784076,CP_008,MeterValues,normal
2025-12-11T21:59:40.786229,CP_009,MeterValues,normal
2025-12-11T21:59:40.789228,CP_010,MeterValues,normal
2025-12-11T21:59:41.796656,CP_001,MeterValues,normal
2025-12-11T21:59:41.798974,CP_002,MeterValues,normal
2025-12-11T21:59:41.801002,CP_003,MeterValues,normal
2025-12-11T21:59:41.803051,CP_004,MeterValues,normal
2025-12-11T21:59:41.805123,CP_005,MeterValues,normal
2025-12-11T21:59:41.807307,CP_006,MeterValues,normal
2025-12-11T21:59:41.809426,CP_007,MeterValues,normal
2025-12-11T21:59:41.811058,CP_008,MeterValues,normal
2025-12-11T21:59:41.812754,CP_009,MeterValues,normal
2025-12-11T21:59:41.815188,CP_010,MeterValues,normal
2025-12-11T21:59:42.829849,CP_001,MeterValues,normal
2025-12-11T21:59:42.831903,CP_002,MeterValues,normal
2025-12-11T21:59:42.834224,CP_003,MeterValues,normal
2025-12-11T21:59:42.836021,CP_004,MeterValues,normal
2025-12-11T21:59:42.838280,CP_005,MeterValues,normal
2025-12-11T21:59:42.840822,CP_006,MeterValues,normal
2025-12-11T21:59:42.843337,CP_007,MeterValues,normal
2025-12-11T21:59:42.862629,CP_008,MeterValues,normal
2025-12-11T21:59:42.864398,CP_009,MeterValues,normal
2025-12-11T21:59:42.866071,CP_010,MeterValues,normal
2025-12-11T21:59:43.879196,CP_001,MeterValues,normal
2025-12-11T21:59:43.880877,CP_002,MeterValues,normal
2025-12-11T21:59:43.883069,CP_003,MeterValues,normal
2025-12-11T21:59:43.885010,CP_004,MeterValues,normal
2025-12-11T21:59:43.887041,CP_005,MeterValues,normal
2025-12-11T21:59:43.889354,CP_006,MeterValues,normal
2025-12-11T21:59:43.891405,CP_007,MeterValues,normal
2025-12-11T21:59:43.893219,CP_008,MeterValues,normal
2025-12-11T21:59:43.894799,CP_009,MeterValues,normal
2025-12-11T21:59:43.897355,CP_010,MeterValues,normal
2025-12-11T21:59:44.911127,CP_001,MeterValues,normal
2025-12-11T21:59:44.913057,CP_002,MeterValues,normal
2025-12-11T21:59:44.914698,CP_003,MeterValues,normal
2025-12-11T21:59:44.916871,CP_004,MeterValues,normal
2025-12-11T21:59:44.919030,CP_005,MeterValues,normal
2025-12-11T21:59:44.922432,CP_006,MeterValues,normal
2025-12-11T21:59:44.925300,CP_007,MeterValues,normal
2025-12-11T21:59:44.927342,CP_008,MeterValues,normal
2025-12-11T21:59:44.929236,CP_009,MeterValues,normal
2025-12-11T21:59:44.932340,CP_010,MeterValues,normal
2025-12-11T21:59:45.936242,CP_001,MeterValues,normal
2025-12-11T21:59:45.938554,CP_002,MeterValues,normal
2025-12-11T21:59:45.940341,CP_003,MeterValues,normal
2025-12-11T21:59:45.942013,CP_004,MeterValues,normal
2025-12-11T21:59:45.944221,CP_005,MeterValues,normal
2025-12-11T21:59:45.946497,CP_006,MeterValues,normal
2025-12-11T21:59:45.948218,CP_007,MeterValues,normal
2025-12-11T21:59:45.949907,CP_008,MeterValues,normal
2025-12-11T21:59:45.952490,CP_009,MeterValues,normal
2025-12-11T21:59:45.954748,CP_010,MeterValues,normal
2025-12-11T21:59:46.960365,CP_001,MeterValues,normal
2025-12-11T21:59:46.961959,CP_002,MeterValues,normal
2025-12-11T21:59:46.963576,CP_003,MeterValues,normal
2025-12-11T21:59:46.966020,CP_004,MeterValues,normal
2025-12-11T21:59:46.968269,CP_005,MeterValues,normal
2025-12-11T21:59:46.970824,CP_006,MeterValues,normal
2025-12-11T21:59:46.973799,CP_007,MeterValues,normal
2025-12-11T21:59:46.976115,CP_008,MeterValues,normal
2025-12-11T21:59:46.977719,CP_009,MeterValues,normal
2025-12-11T21:59:46.981057,CP_010,MeterValues,normal
2025-12-11T21:59:47.986852,CP_001,MeterValues,normal
2025-12-11T21:59:47.988544,CP_002,MeterValues,normal
2025-12-11T21:59:47.990362,CP_003,MeterValues,normal
2025-12-11T21:59:47.992495,CP_004,MeterValues,normal
2025-12-11T21:59:47.994217,CP_005,MeterValues,normal
2025-12-11T21:59:47.995984,CP_006,MeterValues,normal
2025-12-11T21:59:47.997608,CP_007,MeterValues,normal
2025-12-11T21:59:47.999818,CP_008,MeterValues,normal
2025-12-11T21:59:48.001882,CP_009,MeterValues,normal
2025-12-11T21:59:48.004564,CP_010,MeterValues,normal
2025-12-11T21:59:48.132986,CP_003,Heartbeat,normal
2025-12-11T21:59:48.133097,CP_001,Heartbeat,normal
2025-12-11T21:59:48.133528,CP_005,Heartbeat,normal
2025-12-11T21:59:48.134036,CP_002,Heartbeat,normal
2025-12-11T21:59:48.134121,CP_004,Heartbeat,normal
2025-12-11T21:59:49.014474,CP_001,MeterValues,normal
2025-12-11T21:59:49.016683,CP_002,MeterValues,normal
2025-12-11T21:59:49.018711,CP_003,MeterValues,normal
2025-12-11T21:59:49.021137,CP_004,MeterValues,normal
2025-12-11T21:59:49.023330,CP_005,MeterValues,normal
2025-12-11T21:59:49.025528,CP_006,MeterValues,normal
2025-12-11T21:59:49.028211,CP_007,MeterValues,normal
2025-12-11T21:59:49.030133,CP_008,MeterValues,normal
2025-12-11T21:59:49.031713,CP_009,MeterValues,normal
2025-12-11T21:59:49.033477,CP_010,MeterValues,normal
2025-12-11T21:59:50.043542,CP_001,MeterValues,normal
2025-12-11T21:59:50.045494,CP_002,MeterValues,normal
2025-12-11T21:59:50.046973,CP_003,MeterValues,normal
2025-12-11T21:59:50.049294,CP_004,MeterValues,normal
2025-12-11T21:59:50.051418,CP_005,MeterValues,normal
2025-12-11T21:59:50.053577,CP_006,MeterValues,normal
2025-12-11T21:59:50.056987,CP_007,MeterValues,normal
2025-12-11T21:59:50.058969,CP_008,MeterValues,normal
2025-12-11T21:59:50.060926,CP_009,MeterValues,normal
2025-12-11T21:59:50.063193,CP_010,MeterValues,normal
2025-12-11T21:59:50.716720,CP_008,Heartbeat,normal
2025-12-11T21:59:50.716841,CP_007,Heartbeat,normal
2025-12-11T21:59:50.716938,CP_010,Heartbeat,normal
2025-12-11T21:59:50.717035,CP_009,Heartbeat,normal
2025-12-11T21:59:50.717220,CP_006,Heartbeat,normal
2025-12-11T21:59:51.079307,CP_001,MeterValues,normal
2025-12-11T21:59:51.081202,CP_002,MeterValues,normal
2025-12-11T21:59:51.083280,CP_003,MeterValues,normal
2025-12-11T21:59:51.084964,CP_004,MeterValues,normal
2025-12-11T21:59:51.086624,CP_005,MeterValues,normal
2025-12-11T21:59:51.088158,CP_006,MeterValues,normal
2025-12-11T21:59:51.090751,CP_007,MeterValues,normal
2025-12-11T21:59:51.092843,CP_008,MeterValues,normal
2025-12-11T21:59:51.094531,CP_009,MeterValues,normal
2025-12-11T21:59:51.097051,CP_010,MeterValues,normal
2025-12-11T21:59:52.104156,CP_001,MeterValues,normal
2025-12-11T21:59:52.105787,CP_002,MeterValues,normal
2025-12-11T21:59:52.107221,CP_003,MeterValues,normal
2025-12-11T21:59:52.108639,CP_004,MeterValues,normal
2025-12-11T21:59:52.110512,CP_005,MeterValues,normal
2025-12-11T21:59:52.112258,CP_006,MeterValues,normal
2025-12-11T21:59:52.114688,CP_007,MeterValues,normal
2025-12-11T21:59:52.116567,CP_008,MeterValues,normal
2025-12-11T21:59:52.118935,CP_009,MeterValues,normal
2025-12-11T21:59:52.121658,CP_010,MeterValues,normal
2025-12-11T21:59:53.125061,CP_001,MeterValues,normal
2025-12-11T21:59:53.126893,CP_002,MeterValues,normal
2025-12-11T21:59:53.128368,CP_003,MeterValues,normal
2025-12-11T21:59:53.130632,CP_004,MeterValues,normal
2025-12-11T21:59:53.132968,CP_005,MeterValues,normal
2025-12-11T21:59:53.135645,CP_006,MeterValues,normal
2025-12-11T21:59:53.138443,CP_007,MeterValues,normal
2025-12-11T21:59:53.140685,CP_008,MeterValues,normal
2025-12-11T21:59:53.142260,CP_009,MeterValues,normal
2025-12-11T21:59:53.143919,CP_010,MeterValues,normal
2025-12-11T21:59:54.161704,CP_001,MeterValues,normal
2025-12-11T21:59:54.163525,CP_002,MeterValues,normal
2025-12-11T21:59:54.166281,CP_003,MeterValues,normal
2025-12-11T21:59:54.167954,CP_004,MeterValues,normal
2025-12-11T21:59:54.169868,CP_005,MeterValues,normal
2025-12-11T21:59:54.171838,CP_006,MeterValues,normal
2025-12-11T21:59:54.174609,CP_007,MeterValues,normal
2025-12-11T21:59:54.176200,CP_008,MeterValues,normal
2025-12-11T21:59:54.177960,CP_009,MeterValues,normal
2025-12-11T21:59:54.180775,CP_010,MeterValues,normal
2025-12-11T21:59:55.187027,CP_001,MeterValues,normal
2025-12-11T21:59:55.188857,CP_002,MeterValues,normal
2025-12-11T21:59:55.190612,CP_003,MeterValues,normal
2025-12-11T21:59:55.192805,CP_004,MeterValues,normal
2025-12-11T21:59:55.194601,CP_005,MeterValues,normal
2025-12-11T21:59:55.196624,CP_006,MeterValues,normal
2025-12-11T21:59:55.198152,CP_007,MeterValues,normal
2025-12-11T21:59:55.200869,CP_008,MeterValues,normal
2025-12-11T21:59:55.204041,CP_009,MeterValues,normal
2025-12-11T21:59:55.207165,CP_010,MeterValues,normal
2025-12-11T21:59:56.224035,CP_001,MeterValues,normal
2025-12-11T21:59:56.225555,CP_002,MeterValues,normal
2025-12-11T21:59:56.227886,CP_003,MeterValues,normal
2025-12-11T21:59:56.229718,CP_004,MeterValues,normal
2025-12-11T21:59:56.231759,CP_005,MeterValues,normal
2025-12-11T21:59:56.233945,CP_006,MeterValues,normal
2025-12-11T21:59:56.236794,CP_007,MeterValues,normal
2025-12-11T21:59:56.239193,CP_008,MeterValues,normal
2025-12-11T21:59:56.241155,CP_009,MeterValues,normal
2025-12-11T21:59:56.243690,CP_010,MeterValues,normal
2025-12-11T21:59:57.258086,CP_001,MeterValues,normal
2025-12-11T21:59:57.260910,CP_002,MeterValues,normal
2025-12-11T21:59:57.263201,CP_003,MeterValues,normal
2025-12-11T21:59:57.264767,CP_004,MeterValues,normal
2025-12-11T21:59:57.266393,CP_005,MeterValues,normal
2025-12-11T21:59:57.267910,CP_006,MeterValues,normal
2025-12-11T21:59:57.270412,CP_007,MeterValues,normal
2025-12-11T21:59:57.273448,CP_008,MeterValues,normal
2025-12-11T21:59:57.275363,CP_009,MeterValues,normal
2025-12-11T21:59:57.277737,CP_010,MeterValues,normal
2025-12-11T21:59:58.149546,CP_004,Heartbeat,normal
2025-12-11T21:59:58.149708,CP_001,Heartbeat,normal
2025-12-11T21:59:58.149868,CP_002,Heartbeat,normal
2025-12-11T21:59:58.149947,CP_003,Heartbeat,normal
2025-12-11T21:59:58.151932,CP_005,Heartbeat,normal
2025-12-11T21:59:58.291006,CP_001,MeterValues,normal
2025-12-11T21:59:58.292606,CP_002,MeterValues,normal
2025-12-11T21:59:58.293940,CP_003,MeterValues,normal
2025-12-11T21:59:58.295247,CP_004,MeterValues,normal
2025-12-11T21:59:58.297868,CP_005,MeterValues,normal
2025-12-11T21:59:58.299638,CP_006,MeterValues,normal
2025-12-11T21:59:58.301558,CP_007,MeterValues,normal
2025-12-11T21:59:58.303823,CP_008,MeterValues,normal
2025-12-11T21:59:58.306226,CP_009,MeterValues,normal
2025-12-11T21:59:58.307823,CP_010,MeterValues,normal
2025-12-11T21:59:59.311839,CP_001,MeterValues,normal
2025-12-11T21:59:59.313914,CP_002,MeterValues,normal
2025-12-11T21:59:59.315329,CP_003,MeterValues,normal
2025-12-11T21:59:59.317111,CP_004,MeterValues,normal
2025-12-11T21:59:59.319320,CP_005,MeterValues,normal
2025-12-11T21:59:59.322052,CP_006,MeterValues,normal
2025-12-11T21:59:59.324317,CP_007,MeterValues,normal
2025-12-11T21:59:59.326852,CP_008,MeterValues,normal
2025-12-11T21:59:59.328880,CP_009,MeterValues,normal
2025-12-11T21:59:59.330575,CP_010,MeterValues,normal
2025-12-11T22:00:00.339722,CP_001,MeterValues,normal
2025-12-11T22:00:00.341580,CP_002,MeterValues,normal
2025-12-11T22:00:00.342956,CP_003,MeterValues,normal
2025-12-11T22:00:00.345010,CP_004,MeterValues,normal
2025-12-11T22:00:00.347104,CP_005,MeterValues,normal
2025-12-11T22:00:00.349263,CP_006,MeterValues,normal
2025-12-11T22:00:00.351035,CP_007,MeterValues,normal
2025-12-11T22:00:00.353859,CP_008,MeterValues,normal
2025-12-11T22:00:00.356445,CP_009,MeterValues,normal
2025-12-11T22:00:00.358732,CP_010,MeterValues,normal
2025-12-11T22:00:00.728914,CP_008,Heartbeat,normal
2025-12-11T22:00:00.729026,CP_009,Heartbeat,normal
2025-12-11T22:00:00.729132,CP_006,Heartbeat,normal
2025-12-11T22:00:00.729422,CP_010,Heartbeat,normal
2025-12-11T22:00:00.730025,CP_007,Heartbeat,normal
2025-12-11T22:00:01.368424,CP_001,MeterValues,normal
2025-12-11T22:00:01.370829,CP_002,MeterValues,normal
2025-12-11T22:00:01.373357,CP_003,MeterValues,normal
2025-12-11T22:00:01.375237,CP_004,MeterValues,normal
2025-12-11T22:00:01.376827,CP_005,MeterValues,normal
2025-12-11T22:00:01.378507,CP_006,MeterValues,normal
2025-12-11T22:00:01.382248,CP_007,MeterValues,normal
2025-12-11T22:00:01.385404,CP_008,MeterValues,normal
2025-12-11T22:00:01.388524,CP_009,MeterValues,normal
2025-12-11T22:00:01.390211,CP_010,MeterValues,normal
2025-12-11T22:00:02.394159,CP_001,MeterValues,normal
2025-12-11T22:00:02.395725,CP_002,MeterValues,normal
2025-12-11T22:00:02.397133,CP_003,MeterValues,normal
2025-12-11T22:00:02.398566,CP_004,MeterValues,normal
2025-12-11T22:00:02.401254,CP_005,MeterValues,normal
2025-12-11T22:00:02.405450,CP_006,MeterValues,normal
2025-12-11T22:00:02.410062,CP_007,MeterValues,normal
2025-12-11T22:00:02.413128,CP_008,MeterValues,normal
2025-12-11T22:00:02.418186,CP_009,MeterValues,normal
2025-12-11T22:00:02.421020,CP_010,MeterValues,normal
2025-12-11T22:00:03.432382,CP_001,MeterValues,normal
2025-12-11T22:00:03.435083,CP_002,MeterValues,normal
2025-12-11T22:00:03.436918,CP_003,MeterValues,normal
2025-12-11T22:00:03.438657,CP_004,MeterValues,normal
2025-12-11T22:00:03.440567,CP_005,MeterValues,normal
2025-12-11T22:00:03.443215,CP_006,MeterValues,normal
2025-12-11T22:00:03.444957,CP_007,MeterValues,normal
2025-12-11T22:00:03.447020,CP_008,MeterValues,normal
2025-12-11T22:00:03.450699,CP_009,MeterValues,normal
2025-12-11T22:00:03.453594,CP_010,MeterValues,normal
2025-12-11T22:00:04.464954,CP_001,MeterValues,normal
2025-12-11T22:00:04.466609,CP_002,MeterValues,normal
2025-12-11T22:00:04.467960,CP_003,MeterValues,normal
2025-12-11T22:00:04.470731,CP_004,MeterValues,normal
2025-12-11T22:00:04.472847,CP_005,MeterValues,normal
2025-12-11T22:00:04.475869,CP_006,MeterValues,normal
2025-12-11T22:00:04.478455,CP_007,MeterValues,normal
2025-12-11T22:00:04.480865,CP_008,MeterValues,normal
2025-12-11T22:00:04.483702,CP_009,MeterValues,normal
2025-12-11T22:00:04.486695,CP_010,MeterValues,normal
2025-12-11T22:00:05.493134,CP_001,MeterValues,normal
2025-12-11T22:00:05.494853,CP_002,MeterValues,normal
2025-12-11T22:00:05.496717,CP_003,MeterValues,normal
2025-12-11T22:00:05.498797,CP_004,MeterValues,normal
2025-12-11T22:00:05.500699,CP_005,MeterValues,normal
2025-12-11T22:00:05.502760,CP_006,MeterValues,normal
2025-12-11T22:00:05.505137,CP_007,MeterValues,normal
2025-12-11T22:00:05.507301,CP_008,MeterValues,normal
2025-12-11T22:00:05.508943,CP_009,MeterValues,normal
2025-12-11T22:00:05.511268,CP_010,MeterValues,normal
2025-12-11T22:00:06.529140,CP_001,MeterValues,normal
2025-12-11T22:00:06.531186,CP_002,MeterValues,normal
2025-12-11T22:00:06.533002,CP_003,MeterValues,normal
2025-12-11T22:00:06.535075,CP_004,MeterValues,normal
2025-12-11T22:00:06.537161,CP_005,MeterValues,normal
2025-12-11T22:00:06.539769,CP_006,MeterValues,normal
2025-12-11T22:00:06.542209,CP_007,MeterValues,normal
2025-12-11T22:00:06.543898,CP_008,MeterValues,normal
2025-12-11T22:00:06.546655,CP_009,MeterValues,normal
2025-12-11T22:00:06.548524,CP_010,MeterValues,normal
2025-12-11T22:00:07.566081,CP_001,MeterValues,normal
2025-12-11T22:00:07.568533,CP_002,MeterValues,normal
2025-12-11T22:00:07.570389,CP_003,MeterValues,normal
2025-12-11T22:00:07.572260,CP_004,MeterValues,normal
2025-12-11T22:00:07.574424,CP_005,MeterValues,normal
2025-12-11T22:00:07.576599,CP_006,MeterValues,normal
2025-12-11T22:00:07.578412,CP_007,MeterValues,normal
2025-12-11T22:00:07.581220,CP_008,MeterValues,normal
2025-12-11T22:00:07.583954,CP_009,MeterValues,normal
2025-12-11T22:00:07.585774,CP_010,MeterValues,normal
2025-12-11T22:00:08.157842,CP_001,Heartbeat,normal
2025-12-11T22:00:08.157952,CP_002,Heartbeat,normal
2025-12-11T22:00:08.158055,CP_005,Heartbeat,normal
2025-12-11T22:00:08.158264,CP_004,Heartbeat,normal
2025-12-11T22:00:08.158397,CP_003,Heartbeat,normal
2025-12-11T22:00:08.601433,CP_001,MeterValues,normal
2025-12-11T22:00:08.603232,CP_002,MeterValues,normal
2025-12-11T22:00:08.604955,CP_003,MeterValues,normal
2025-12-11T22:00:08.606963,CP_004,MeterValues,normal
2025-12-11T22:00:08.608866,CP_005,MeterValues,normal
2025-12-11T22:00:08.611154,CP_006,MeterValues,normal
2025-12-11T22:00:08.613208,CP_007,MeterValues,normal
2025-12-11T22:00:08.615607,CP_008,MeterValues,normal
2025-12-11T22:00:08.618181,CP_009,MeterValues,normal
2025-12-11T22:00:08.620608,CP_010,MeterValues,normal
2025-12-11T22:00:09.625929,CP_001,MeterValues,normal
2025-12-11T22:00:09.628342,CP_002,MeterValues,normal
2025-12-11T22:00:09.630468,CP_003,MeterValues,normal
2025-12-11T22:00:09.632015,CP_004,MeterValues,normal
2025-12-11T22:00:09.633489,CP_005,MeterValues,normal
2025-12-11T22:00:09.636271,CP_006,MeterValues,normal
2025-12-11T22:00:09.638578,CP_007,MeterValues,normal
2025-12-11T22:00:09.640721,CP_008,MeterValues,normal
2025-12-11T22:00:09.643497,CP_009,MeterValues,normal
2025-12-11T22:00:09.645854,CP_010,MeterValues,normal
2025-12-11T22:00:10.650831,CP_001,MeterValues,normal
2025-12-11T22:00:10.653230,CP_002,MeterValues,normal
2025-12-11T22:00:10.655133,CP_003,MeterValues,normal
2025-12-11T22:00:10.656975,CP_004,MeterValues,normal
2025-12-11T22:00:10.658672,CP_005,MeterValues,normal
2025-12-11T22:00:10.661595,CP_006,MeterValues,normal
2025-12-11T22:00:10.665450,CP_007,MeterValues,normal
2025-12-11T22:00:10.667867,CP_008,MeterValues,normal
2025-12-11T22:00:10.670439,CP_009,MeterValues,normal
2025-12-11T22:00:10.672612,CP_010,MeterValues,normal
2025-12-11T22:00:10.739489,CP_009,Heartbeat,normal
2025-12-11T22:00:10.739622,CP_010,Heartbeat,normal
2025-12-11T22:00:10.739730,CP_008,Heartbeat,normal
2025-12-11T22:00:10.740013,CP_006,Heartbeat,normal
2025-12-11T22:00:10.740153,CP_007,Heartbeat,normal
2025-12-11T22:00:11.689623,CP_001,MeterValues,normal
2025-12-11T22:00:11.691925,CP_002,MeterValues,normal
2025-12-11T22:00:11.693527,CP_003,MeterValues,normal
2025-12-11T22:00:11.695038,CP_004,MeterValues,normal
2025-12-11T22:00:11.697340,CP_005,MeterValues,normal
2025-12-11T22:00:11.700278,CP_006,MeterValues,normal
2025-12-11T22:00:11.703784,CP_007,MeterValues,normal
2025-12-11T22:00:11.707572,CP_008,MeterValues,normal
2025-12-11T22:00:11.709563,CP_009,MeterValues,normal
2025-12-11T22:00:11.712358,CP_010,MeterValues,normal
2025-12-11T22:00:12.727019,CP_001,MeterValues,normal
2025-12-11T22:00:12.729003,CP_002,MeterValues,normal
2025-12-11T22:00:12.730873,CP_003,MeterValues,normal
2025-12-11T22:00:12.733422,CP_004,MeterValues,normal
2025-12-11T22:00:12.735485,CP_005,MeterValues,normal
2025-12-11T22:00:12.738902,CP_006,MeterValues,normal
2025-12-11T22:00:12.741894,CP_007,MeterValues,normal
2025-12-11T22:00:12.743525,CP_008,MeterValues,normal
2025-12-11T22:00:12.745045,CP_009,MeterValues,normal
2025-12-11T22:00:12.747971,CP_010,MeterValues,normal
2025-12-11T22:00:13.758719,CP_001,MeterValues,normal
2025-12-11T22:00:13.760949,CP_002,MeterValues,normal
2025-12-11T22:00:13.762816,CP_003,MeterValues,normal
2025-12-11T22:00:13.764242,CP_004,MeterValues,normal
2025-12-11T22:00:13.766352,CP_005,MeterValues,normal
2025-12-11T22:00:13.769564,CP_006,MeterValues,normal
2025-12-11T22:00:13.771988,CP_007,MeterValues,normal
2025-12-11T22:00:13.774702,CP_008,MeterValues,normal
2025-12-11T22:00:13.776525,CP_009,MeterValues,normal
2025-12-11T22:00:13.778331,CP_010,MeterValues,normal
2025-12-11T22:00:14+00:00,CP_001,StatusNotification,normal
2025-12-11T22:00:14+00:00,CP_001,StopTransaction,normal
2025-12-11T22:00:14+00:00,CP_001,StatusNotification,normal
2025-12-11T22:00:14+00:00,CP_002,StatusNotification,normal
2025-12-11T22:00:14+00:00,CP_002,StopTransaction,normal
2025-12-11T22:00:14+00:00,CP_002,StatusNotification,normal
2025-12-11T22:00:14+00:00,CP_003,StatusNotification,normal
2025-12-11T22:00:14+00:00,CP_003,StopTransaction,normal
2025-12-11T22:00:14+00:00,CP_003,StatusNotification,normal
2025-12-11T22:00:14+00:00,CP_004,StatusNotification,normal
2025-12-11T22:00:14+00:00,CP_004,StopTransaction,normal
2025-12-11T22:00:14+00:00,CP_004,StatusNotification,normal
2025-12-11T22:00:14+00:00,CP_005,StatusNotification,normal
2025-12-11T22:00:14+00:00,CP_005,StopTransaction,normal
2025-12-11T22:00:14+00:00,CP_005,StatusNotification,normal
2025-12-11T22:00:14+00:00,CP_006,StatusNotification,normal
2025-12-11T22:00:14+00:00,CP_006,StopTransaction,normal
2025-12-11T22:00:14+00:00,CP_006,StatusNotification,normal
2025-12-11T22:00:14+00:00,CP_007,StatusNotification,normal
2025-12-11T22:00:14+00:00,CP_007,StopTransaction,normal
2025-12-11T22:00:14+00:00,CP_007,StatusNotification,normal
2025-12-11T22:00:14+00:00,CP_008,StatusNotification,normal
2025-12-11T22:00:14+00:00,CP_008,StopTransaction,normal
2025-12-11T22:00:14+00:00,CP_008,StatusNotification,normal
2025-12-11T22:00:14+00:00,CP_009,StatusNotification,normal
2025-12-11T22:00:14+00:00,CP_009,StopTransaction,normal
2025-12-11T22:00:14+00:00,CP_009,StatusNotification,normal
2025-12-11T22:00:14+00:00,CP_010,StatusNotification,normal
2025-12-11T22:00:14+00:00,CP_010,StopTransaction,normal
2025-12-11T22:00:14+00:00,CP_010,StatusNotification,normal
