timestamp,cp_id,message_type,raw_payload
2025-12-11T17:53:31.916409,CP_002,BootNotification,"{""cp_id"": ""CP_002"", ""vendor"": ""AegisChargeSim"", ""model"": ""SimulatedModel"", ""payload"": {}, ""message_type"": ""BootNotification"", ""timestamp"": ""2025-12-11T17:53:31.916409""}"
2025-12-11T17:53:31.919061,CP_001,BootNotification,"{""cp_id"": ""CP_001"", ""vendor"": ""AegisChargeSim"", ""model"": ""SimulatedModel"", ""payload"": {}, ""message_type"": ""BootNotification"", ""timestamp"": ""2025-12-11T17:53:31.919061""}"
2025-12-11T17:53:31+00:00,CP_001,StatusNotification,"{""cp_id"": ""CP_001"", ""connector_id"": 1, ""status"": ""Available"", ""error_code"": ""NoError"", ""timestamp"": ""2025-12-11T17:53:31+00:00"", ""payload"": {}, ""message_type"": ""StatusNotification""}"
2025-12-11T17:53:32+00:00,CP_002,StatusNotification,"{""cp_id"": ""CP_002"", ""connector_id"": 1, ""status"": ""Available"", ""error_code"": ""NoError"", ""timestamp"": ""2025-12-11T17:53:32+00:00"", ""payload"": {}, ""message_type"": ""StatusNotification""}"
2025-12-11T17:53:32.183936,CP_001,Authorize,"{""cp_id"": ""CP_001"", ""id_tag"": ""YUNUS_TAG"", ""status"": ""Accepted"", ""authorized"": true, ""timestamp"": ""2025-12-11T17:53:32.183936"", ""message_type"": ""Authorize""}"
2025-12-11T17:53:32+00:00,CP_001,StatusNotification,"{""cp_id"": ""CP_001"", ""connector_id"": 1, ""status"": ""Preparing"", ""error_code"": ""NoError"", ""timestamp"": ""2025-12-11T17:53:32+00:00"", ""payload"": {}, ""message_type"": ""StatusNotification""}"
2025-12-11T17:53:32+00:00,CP_001,StartTransaction,"{""cp_id"": ""CP_001"", ""connector_id"": 1, ""id_tag"": ""YUNUS_TAG"", ""meter_start"": 0, ""timestamp"": ""2025-12-11T17:53:32+00:00"", ""transaction_id"": 1, ""authorized"": true, ""payload"": {}, ""message_type"": ""StartTransaction""}"
2025-12-11T17:53:32+00:00,CP_001,StatusNotification,"{""cp_id"": ""CP_001"", ""connector_id"": 1, ""status"": ""Charging"", ""error_code"": ""NoError"", ""timestamp"": ""2025-12-11T17:53:32+00:00"", ""payload"": {}, ""message_type"": ""StatusNotification""}"
2025-12-11T17:53:32.334529,CP_002,Authorize,"{""cp_id"": ""CP_002"", ""id_tag"": ""YUNUS_TAG"", ""status"": ""Accepted"", ""authorized"": true, ""timestamp"": ""2025-12-11T17:53:32.334529"", ""message_type"": ""Authorize""}"
2025-12-11T17:53:32+00:00,CP_002,StatusNotification,"{""cp_id"": ""CP_002"", ""connector_id"": 1, ""status"": ""Preparing"", ""error_code"": ""NoError"", ""timestamp"": ""2025-12-11T17:53:32+00:00"", ""payload"": {}, ""message_type"": ""StatusNotification""}"
2025-12-11T17:53:32+00:00,CP_002,StartTransaction,"{""cp_id"": ""CP_002"", ""connector_id"": 1, ""id_tag"": ""YUNUS_TAG"", ""meter_start"": 0, ""timestamp"": ""2025-12-11T17:53:32+00:00"", ""transaction_id"": 1, ""authorized"": true, ""payload"": {}, ""message_type"": ""StartTransaction""}"
2025-12-11T17:53:32+00:00,CP_002,StatusNotification,"{""cp_id"": ""CP_002"", ""connector_id"": 1, ""status"": ""Charging"", ""error_code"": ""NoError"", ""timestamp"": ""2025-12-11T17:53:32+00:00"", ""payload"": {}, ""message_type"": ""StatusNotification""}"
2025-12-11T17:53:32.463869,CP_001,MeterValues,"{""cp_id"": ""CP_001"", ""connector_id"": 1, ""meter_value"": [{""timestamp"": ""2025-12-11T17:53:32+00:00"", ""sampled_value"": [{""value"": ""400.00"", ""measurand"": ""Voltage"", ""unit"": ""V""}, {""value"": ""18.245"", ""measurand"": ""Current.Import"", ""unit"": ""A""}, {""value"": ""7.298"", ""measurand"": ""Power.Active.Import"", ""unit"": ""kW""}, {""value"": ""20.00"", ""measurand"": ""SoC"", ""unit"": ""Percent""}]}], ""transaction_id"": 1, ""payload"": {}, ""message_type"": ""MeterValues"", ""timestamp"": ""2025-12-11T17:53:32.463869""}"
2025-12-11T17:53:32.473761,CP_002,MeterValues,"{""cp_id"": ""CP_002"", ""connector_id"": 1, ""meter_value"": [{""timestamp"": ""2025-12-11T17:53:32+00:00"", ""sampled_value"": [{""value"": ""400.00"", ""measurand"": ""Voltage"", ""unit"": ""V""}, {""value"": ""17.567"", ""measurand"": ""Current.Import"", ""unit"": ""A""}, {""value"": ""7.027"", ""measurand"": ""Power.Active.Import"", ""unit"": ""kW""}, {""value"": ""20.00"", ""measurand"": ""SoC"", ""unit"": ""Percent""}]}], ""transaction_id"": 1, ""payload"": {}, ""message_type"": ""MeterValues"", ""timestamp"": ""2025-12-11T17:53:32.473761""}"
2025-12-11T17:53:33.485723,CP_001,MeterValues,"{""cp_id"": ""CP_001"", ""connector_id"": 1, ""meter_value"": [{""timestamp"": ""2025-12-11T17:53:33+00:00"", ""sampled_value"": [{""value"": ""400.00"", ""measurand"": ""Voltage"", ""unit"": ""V""}, {""value"": ""17.500"", ""measurand"": ""Current.Import"", ""unit"": ""A""}, {""value"": ""7.000"", ""measurand"": ""Power.Active.Import"", ""unit"": ""kW""}, {""value"": ""20.01"", ""measurand"": ""SoC"", ""unit"": ""Percent""}]}], ""transaction_id"": 1, ""payload"": {}, ""message_type"": ""MeterValues"", ""timestamp"": ""2025-12-11T17:53:33.485723""}"
2025-12-11T17:53:33.488792,CP_002,MeterValues,"{""cp_id"": ""CP_002"", ""connector_id"": 1, ""meter_value"": [{""timestamp"": ""2025-12-11T17:53:33+00:00"", ""sampled_value"": [{""value"": ""400.00"", ""measurand"": ""Voltage"", ""unit"": ""V""}, {""value"": ""17.516"", ""measurand"": ""Current.Import"", ""unit"": ""A""}, {""value"": ""7.006"", ""measurand"": ""Power.Active.Import"", ""unit"": ""kW""}, {""value"": ""20.01"", ""measurand"": ""SoC"", ""unit"": ""Percent""}]}], ""transaction_id"": 1, ""payload"": {}, ""message_type"": ""MeterValues"", ""timestamp"": ""2025-12-11T17:53:33.488792""}"
2025-12-11T17:53:34.521693,CP_001,MeterValues,"{""cp_id"": ""CP_001"", ""connector_id"": 1, ""meter_value"": [{""timestamp"": ""2025-12-11T17:53:34+00:00"", ""sampled_value"": [{""value"": ""400.00"", ""measurand"": ""Voltage"", ""unit"": ""V""}, {""value"": ""16.831"", ""measurand"": ""Current.Import"", ""unit"": ""A""}, {""value"": ""6.732"", ""measurand"": ""Power.Active.Import"", ""unit"": ""kW""}, {""value"": ""20.01"", ""measurand"": ""SoC"", ""unit"": ""Percent""}]}], ""transaction_id"": 1, ""payload"": {}, ""message_type"": ""MeterValues"", ""timestamp"": ""2025-12-11T17:53:34.521693""}"
2025-12-11T17:53:34.534923,CP_002,MeterValues,"{""cp_id"": ""CP_002"", ""connector_id"": 1, ""meter_value"": [{""timestamp"": ""2025-12-11T17:53:34+00:00"", ""sampled_value"": [{""value"": ""400.00"", ""measurand"": ""Voltage"", ""unit"": ""V""}, {""value"": ""17.749"", ""measurand"": ""Current.Import"", ""unit"": ""A""}, {""value"": ""7.100"", ""measurand"": ""Power.Active.Import"", ""unit"": ""kW""}, {""value"": ""20.01"", ""measurand"": ""SoC"", ""unit"": ""Percent""}]}], ""transaction_id"": 1, ""payload"": {}, ""message_type"": ""MeterValues"", ""timestamp"": ""2025-12-11T17:53:34.534923""}"
2025-12-11T17:53:35.555003,CP_001,MeterValues,"{""cp_id"": ""CP_001"", ""connector_id"": 1, ""meter_value"": [{""timestamp"": ""2025-12-11T17:53:35+00:00"", ""sampled_value"": [{""value"": ""400.00"", ""measurand"": ""Voltage"", ""unit"": ""V""}, {""value"": ""17.464"", ""measurand"": ""Current.Import"", ""unit"": ""A""}, {""value"": ""6.986"", ""measurand"": ""Power.Active.Import"", ""unit"": ""kW""}, {""value"": ""20.01"", ""measurand"": ""SoC"", ""unit"": ""Percent""}]}], ""transaction_id"": 1, ""payload"": {}, ""message_type"": ""MeterValues"", ""timestamp"": ""2025-12-11T17:53:35.555003""}"
2025-12-11T17:53:35.567930,CP_002,MeterValues,"{""cp_id"": ""CP_002"", ""connector_id"": 1, ""meter_value"": [{""timestamp"": ""2025-12-11T17:53:35+00:00"", ""sampled_value"": [{""value"": ""400.00"", ""measurand"": ""Voltage"", ""unit"": ""V""}, {""value"": ""16.761"", ""measurand"": ""Current.Import"", ""unit"": ""A""}, {""value"": ""6.704"", ""measurand"": ""Power.Active.Import"", ""unit"": ""kW""}, {""value"": ""20.01"", ""measurand"": ""SoC"", ""unit"": ""Percent""}]}], ""transaction_id"": 1, ""payload"": {}, ""message_type"": ""MeterValues"", ""timestamp"": ""2025-12-11T17:53:35.567930""}"
2025-12-11T17:53:36.584848,CP_001,MeterValues,"{""cp_id"": ""CP_001"", ""connector_id"": 1, ""meter_value"": [{""timestamp"": ""2025-12-11T17:53:36+00:00"", ""sampled_value"": [{""value"": ""400.00"", ""measurand"": ""Voltage"", ""unit"": ""V""}, {""value"": ""17.609"", ""measurand"": ""Current.Import"", ""unit"": ""A""}, {""value"": ""7.044"", ""measurand"": ""Power.Active.Import"", ""unit"": ""kW""}, {""value"": ""20.02"", ""measurand"": ""SoC"", ""unit"": ""Percent""}]}], ""transaction_id"": 1, ""payload"": {}, ""message_type"": ""MeterValues"", ""timestamp"": ""2025-12-11T17:53:36.584848""}"
2025-12-11T17:53:36.598694,CP_002,MeterValues,"{""cp_id"": ""CP_002"", ""connector_id"": 1, ""meter_value"": [{""timestamp"": ""2025-12-11T17:53:36+00:00"", ""sampled_value"": [{""value"": ""400.00"", ""measurand"": ""Voltage"", ""unit"": ""V""}, {""value"": ""17.817"", ""measurand"": ""Current.Import"", ""unit"": ""A""}, {""value"": ""7.127"", ""measurand"": ""Power.Active.Import"", ""unit"": ""kW""}, {""value"": ""20.02"", ""measurand"": ""SoC"", ""unit"": ""Percent""}]}], ""transaction_id"": 1, ""payload"": {}, ""message_type"": ""MeterValues"", ""timestamp"": ""2025-12-11T17:53:36.598694""}"
2025-12-11T17:53:37.616960,CP_001,MeterValues,"{""cp_id"": ""CP_001"", ""connector_id"": 1, ""meter_value"": [{""timestamp"": ""2025-12-11T17:53:37+00:00"", ""sampled_value"": [{""value"": ""400.00"", ""measurand"": ""Voltage"", ""unit"": ""V""}, {""value"": ""17.936"", ""measurand"": ""Current.Import"", ""unit"": ""A""}, {""value"": ""7.175"", ""measurand"": ""Power.Active.Import"", ""unit"": ""kW""}, {""value"": ""20.02"", ""measurand"": ""SoC"", ""unit"": ""Percent""}]}], ""transaction_id"": 1, ""payload"": {}, ""message_type"": ""MeterValues"", ""timestamp"": ""2025-12-11T17:53:37.616960""}"
2025-12-11T17:53:37.630597,CP_002,MeterValues,"{""cp_id"": ""CP_002"", ""connector_id"": 1, ""meter_value"": [{""timestamp"": ""2025-12-11T17:53:37+00:00"", ""sampled_value"": [{""value"": ""400.00"", ""measurand"": ""Voltage"", ""unit"": ""V""}, {""value"": ""17.112"", ""measurand"": ""Current.Import"", ""unit"": ""A""}, {""value"": ""6.845"", ""measurand"": ""Power.Active.Import"", ""unit"": ""kW""}, {""value"": ""20.02"", ""measurand"": ""SoC"", ""unit"": ""Percent""}]}], ""transaction_id"": 1, ""payload"": {}, ""message_type"": ""MeterValues"", ""timestamp"": ""2025-12-11T17:53:37.630597""}"
2025-12-11T17:53:38.647813,CP_001,MeterValues,"{""cp_id"": ""CP_001"", ""connector_id"": 1, ""meter_value"": [{""timestamp"": ""2025-12-11T17:53:38+00:00"", ""sampled_value"": [{""value"": ""400.00"", ""measurand"": ""Voltage"", ""unit"": ""V""}, {""value"": ""17.415"", ""measurand"": ""Current.Import"", ""unit"": ""A""}, {""value"": ""6.966"", ""measurand"": ""Power.Active.Import"", ""unit"": ""kW""}, {""value"": ""20.02"", ""measurand"": ""SoC"", ""unit"": ""Percent""}]}], ""transaction_id"": 1, ""payload"": {}, ""message_type"": ""MeterValues"", ""timestamp"": ""2025-12-11T17:53:38.647813""}"
2025-12-11T17:53:38.662347,CP_002,MeterValues,"{""cp_id"": ""CP_002"", ""connector_id"": 1, ""meter_value"": [{""timestamp"": ""2025-12-11T17:53:38+00:00"", ""sampled_value"": [{""value"": ""400.00"", ""measurand"": ""Voltage"", ""unit"": ""V""}, {""value"": ""18.153"", ""measurand"": ""Current.Import"", ""unit"": ""A""}, {""value"": ""7.261"", ""measurand"": ""Power.Active.Import"", ""unit"": ""kW""}, {""value"": ""20.02"", ""measurand"": ""SoC"", ""unit"": ""Percent""}]}], ""transaction_id"": 1, ""payload"": {}, ""message_type"": ""MeterValues"", ""timestamp"": ""2025-12-11T17:53:38.662347""}"
2025-12-11T17:53:39.693722,CP_001,MeterValues,"{""cp_id"": ""CP_001"", ""connector_id"": 1, ""meter_value"": [{""timestamp"": ""2025-12-11T17:53:39+00:00"", ""sampled_value"": [{""value"": ""400.00"", ""measurand"": ""Voltage"", ""unit"": ""V""}, {""value"": ""17.360"", ""measurand"": ""Current.Import"", ""unit"": ""A""}, {""value"": ""6.944"", ""measurand"": ""Power.Active.Import"", ""unit"": ""kW""}, {""value"": ""20.03"", ""measurand"": ""SoC"", ""unit"": ""Percent""}]}], ""transaction_id"": 1, ""payload"": {}, ""message_type"": ""MeterValues"", ""timestamp"": ""2025-12-11T17:53:39.693722""}"
2025-12-11T17:53:39.707344,CP_002,MeterValues,"{""cp_id"": ""CP_002"", ""connector_id"": 1, ""meter_value"": [{""timestamp"": ""2025-12-11T17:53:39+00:00"", ""sampled_value"": [{""value"": ""400.00"", ""measurand"": ""Voltage"", ""unit"": ""V""}, {""value"": ""17.280"", ""measurand"": ""Current.Import"", ""unit"": ""A""}, {""value"": ""6.912"", ""measurand"": ""Power.Active.Import"", ""unit"": ""kW""}, {""value"": ""20.03"", ""measurand"": ""SoC"", ""unit"": ""Percent""}]}], ""transaction_id"": 1, ""payload"": {}, ""message_type"": ""MeterValues"", ""timestamp"": ""2025-12-11T17:53:39.707344""}"
2025-12-11T17:53:40.733006,CP_001,MeterValues,"{""cp_id"": ""CP_001"", ""connector_id"": 1, ""meter_value"": [{""timestamp"": ""2025-12-11T17:53:40+00:00"", ""sampled_value"": [{""value"": ""400.00"", ""measurand"": ""Voltage"", ""unit"": ""V""}, {""value"": ""17.231"", ""measurand"": ""Current.Import"", ""unit"": ""A""}, {""value"": ""6.892"", ""measurand"": ""Power.Active.Import"", ""unit"": ""kW""}, {""value"": ""20.03"", ""measurand"": ""SoC"", ""unit"": ""Percent""}]}], ""transaction_id"": 1, ""payload"": {}, ""message_type"": ""MeterValues"", ""timestamp"": ""2025-12-11T17:53:40.733006""}"
2025-12-11T17:53:40.747071,CP_002,MeterValues,"{""cp_id"": ""CP_002"", ""connector_id"": 1, ""meter_value"": [{""timestamp"": ""2025-12-11T17:53:40+00:00"", ""sampled_value"": [{""value"": ""400.00"", ""measurand"": ""Voltage"", ""unit"": ""V""}, {""value"": ""17.920"", ""measurand"": ""Current.Import"", ""unit"": ""A""}, {""value"": ""7.168"", ""measurand"": ""Power.Active.Import"", ""unit"": ""kW""}, {""value"": ""20.03"", ""measurand"": ""SoC"", ""unit"": ""Percent""}]}], ""transaction_id"": 1, ""payload"": {}, ""message_type"": ""MeterValues"", ""timestamp"": ""2025-12-11T17:53:40.747071""}"
2025-12-11T17:53:41.774612,CP_001,MeterValues,"{""cp_id"": ""CP_001"", ""connector_id"": 1, ""meter_value"": [{""timestamp"": ""2025-12-11T17:53:41+00:00"", ""sampled_value"": [{""value"": ""400.00"", ""measurand"": ""Voltage"", ""unit"": ""V""}, {""value"": ""18.205"", ""measurand"": ""Current.Import"", ""unit"": ""A""}, {""value"": ""7.282"", ""measurand"": ""Power.Active.Import"", ""unit"": ""kW""}, {""value"": ""20.03"", ""measurand"": ""SoC"", ""unit"": ""Percent""}]}], ""transaction_id"": 1, ""payload"": {}, ""message_type"": ""MeterValues"", ""timestamp"": ""2025-12-11T17:53:41.774612""}"
2025-12-11T17:53:41.787496,CP_002,MeterValues,"{""cp_id"": ""CP_002"", ""connector_id"": 1, ""meter_value"": [{""timestamp"": ""2025-12-11T17:53:41+00:00"", ""sampled_value"": [{""value"": ""400.00"", ""measurand"": ""Voltage"", ""unit"": ""V""}, {""value"": ""17.536"", ""measurand"": ""Current.Import"", ""unit"": ""A""}, {""value"": ""7.014"", ""measurand"": ""Power.Active.Import"", ""unit"": ""kW""}, {""value"": ""20.03"", ""measurand"": ""SoC"", ""unit"": ""Percent""}]}], ""transaction_id"": 1, ""payload"": {}, ""message_type"": ""MeterValues"", ""timestamp"": ""2025-12-11T17:53:41.787496""}"
2025-12-11T17:53:41.972474,CP_002,Heartbeat,"{""cp_id"": ""CP_002"", ""payload"": {}, ""message_type"": ""Heartbeat"", ""timestamp"": ""2025-12-11T17:53:41.972474""}"
2025-12-11T17:53:41.974365,CP_001,Heartbeat,"{""cp_id"": ""CP_001"", ""payload"": {}, ""message_type"": ""Heartbeat"", ""timestamp"": ""2025-12-11T17:53:41.974365""}"
2025-12-11T17:53:42.807368,CP_001,MeterValues,"{""cp_id"": ""CP_001"", ""connector_id"": 1, ""meter_value"": [{""timestamp"": ""2025-12-11T17:53:42+00:00"", ""sampled_value"": [{""value"": ""400.00"", ""measurand"": ""Voltage"", ""unit"": ""V""}, {""value"": ""18.226"", ""measurand"": ""Current.Import"", ""unit"": ""A""}, {""value"": ""7.291"", ""measurand"": ""Power.Active.Import"", ""unit"": ""kW""}, {""value"": ""20.04"", ""measurand"": ""SoC"", ""unit"": ""Percent""}]}], ""transaction_id"": 1, ""payload"": {}, ""message_type"": ""MeterValues"", ""timestamp"": ""2025-12-11T17:53:42.807368""}"
2025-12-11T17:53:42.821562,CP_002,MeterValues,"{""cp_id"": ""CP_002"", ""connector_id"": 1, ""meter_value"": [{""timestamp"": ""2025-12-11T17:53:42+00:00"", ""sampled_value"": [{""value"": ""400.00"", ""measurand"": ""Voltage"", ""unit"": ""V""}, {""value"": ""17.102"", ""measurand"": ""Current.Import"", ""unit"": ""A""}, {""value"": ""6.841"", ""measurand"": ""Power.Active.Import"", ""unit"": ""kW""}, {""value"": ""20.04"", ""measurand"": ""SoC"", ""unit"": ""Percent""}]}], ""transaction_id"": 1, ""payload"": {}, ""message_type"": ""MeterValues"", ""timestamp"": ""2025-12-11T17:53:42.821562""}"
2025-12-11T17:53:43.835576,CP_001,MeterValues,"{""cp_id"": ""CP_001"", ""connector_id"": 1, ""meter_value"": [{""timestamp"": ""2025-12-11T17:53:43+00:00"", ""sampled_value"": [{""value"": ""400.00"", ""measurand"": ""Voltage"", ""unit"": ""V""}, {""value"": ""17.061"", ""measurand"": ""Current.Import"", ""unit"": ""A""}, {""value"": ""6.824"", ""measurand"": ""Power.Active.Import"", ""unit"": ""kW""}, {""value"": ""20.04"", ""measurand"": ""SoC"", ""unit"": ""Percent""}]}], ""transaction_id"": 1, ""payload"": {}, ""message_type"": ""MeterValues"", ""timestamp"": ""2025-12-11T17:53:43.835576""}"
2025-12-11T17:53:43.849836,CP_002,MeterValues,"{""cp_id"": ""CP_002"", ""connector_id"": 1, ""meter_value"": [{""timestamp"": ""2025-12-11T17:53:43+00:00"", ""sampled_value"": [{""value"": ""400.00"", ""measurand"": ""Voltage"", ""unit"": ""V""}, {""value"": ""17.437"", ""measurand"": ""Current.Import"", ""unit"": ""A""}, {""value"": ""6.975"", ""measurand"": ""Power.Active.Import"", ""unit"": ""kW""}, {""value"": ""20.04"", ""measurand"": ""SoC"", ""unit"": ""Percent""}]}], ""transaction_id"": 1, ""payload"": {}, ""message_type"": ""MeterValues"", ""timestamp"": ""2025-12-11T17:53:43.849836""}"
2025-12-11T17:53:44.865616,CP_001,MeterValues,"{""cp_id"": ""CP_001"", ""connector_id"": 1, ""meter_value"": [{""timestamp"": ""2025-12-11T17:53:44+00:00"", ""sampled_value"": [{""value"": ""400.00"", ""measurand"": ""Voltage"", ""unit"": ""V""}, {""value"": ""17.631"", ""measurand"": ""Current.Import"", ""unit"": ""A""}, {""value"": ""7.052"", ""measurand"": ""Power.Active.Import"", ""unit"": ""kW""}, {""value"": ""20.04"", ""measurand"": ""SoC"", ""unit"": ""Percent""}]}], ""transaction_id"": 1, ""payload"": {}, ""message_type"": ""MeterValues"", ""timestamp"": ""2025-12-11T17:53:44.865616""}"
2025-12-11T17:53:44.881026,CP_002,MeterValues,"{""cp_id"": ""CP_002"", ""connector_id"": 1, ""meter_value"": [{""timestamp"": ""2025-12-11T17:53:44+00:00"", ""sampled_value"": [{""value"": ""400.00"", ""measurand"": ""Voltage"", ""unit"": ""V""}, {""value"": ""18.043"", ""measurand"": ""Current.Import"", ""unit"": ""A""}, {""value"": ""7.217"", ""measurand"": ""Power.Active.Import"", ""unit"": ""kW""}, {""value"": ""20.04"", ""measurand"": ""SoC"", ""unit"": ""Percent""}]}], ""transaction_id"": 1, ""payload"": {}, ""message_type"": ""MeterValues"", ""timestamp"": ""2025-12-11T17:53:44.881026""}"
2025-12-11T17:53:45.898387,CP_001,MeterValues,"{""cp_id"": ""CP_001"", ""connector_id"": 1, ""meter_value"": [{""timestamp"": ""2025-12-11T17:53:45+00:00"", ""sampled_value"": [{""value"": ""400.00"", ""measurand"": ""Voltage"", ""unit"": ""V""}, {""value"": ""16.762"", ""measurand"": ""Current.Import"", ""unit"": ""A""}, {""value"": ""6.705"", ""measurand"": ""Power.Active.Import"", ""unit"": ""kW""}, {""value"": ""20.05"", ""measurand"": ""SoC"", ""unit"": ""Percent""}]}], ""transaction_id"": 1, ""payload"": {}, ""message_type"": ""MeterValues"", ""timestamp"": ""2025-12-11T17:53:45.898387""}"
2025-12-11T17:53:45.912197,CP_002,MeterValues,"{""cp_id"": ""CP_002"", ""connector_id"": 1, ""meter_value"": [{""timestamp"": ""2025-12-11T17:53:45+00:00"", ""sampled_value"": [{""value"": ""400.00"", ""measurand"": ""Voltage"", ""unit"": ""V""}, {""value"": ""17.546"", ""measurand"": ""Current.Import"", ""unit"": ""A""}, {""value"": ""7.018"", ""measurand"": ""Power.Active.Import"", ""unit"": ""kW""}, {""value"": ""20.05"", ""measurand"": ""SoC"", ""unit"": ""Percent""}]}], ""transaction_id"": 1, ""payload"": {}, ""message_type"": ""MeterValues"", ""timestamp"": ""2025-12-11T17:53:45.912197""}"
2025-12-11T17:53:46.929598,CP_001,MeterValues,"{""cp_id"": ""CP_001"", ""connector_id"": 1, ""meter_value"": [{""timestamp"": ""2025-12-11T17:53:46+00:00"", ""sampled_value"": [{""value"": ""400.00"", ""measurand"": ""Voltage"", ""unit"": ""V""}, {""value"": ""16.758"", ""measurand"": ""Current.Import"", ""unit"": ""A""}, {""value"": ""6.703"", ""measurand"": ""Power.Active.Import"", ""unit"": ""kW""}, {""value"": ""20.05"", ""measurand"": ""SoC"", ""unit"": ""Percent""}]}], ""transaction_id"": 1, ""payload"": {}, ""message_type"": ""MeterValues"", ""timestamp"": ""2025-12-11T17:53:46.929598""}"
2025-12-11T17:53:46.943268,CP_002,MeterValues,"{""cp_id"": ""CP_002"", ""connector_id"": 1, ""meter_value"": [{""timestamp"": ""2025-12-11T17:53:46+00:00"", ""sampled_value"": [{""value"": ""400.00"", ""measurand"": ""Voltage"", ""unit"": ""V""}, {""value"": ""18.087"", ""measurand"": ""Current.Import"", ""unit"": ""A""}, {""value"": ""7.235"", ""measurand"": ""Power.Active.Import"", ""unit"": ""kW""}, {""value"": ""20.05"", ""measurand"": ""SoC"", ""unit"": ""Percent""}]}], ""transaction_id"": 1, ""payload"": {}, ""message_type"": ""MeterValues"", ""timestamp"": ""2025-12-11T17:53:46.943268""}"
2025-12-11T17:53:47.974894,CP_001,MeterValues,"{""cp_id"": ""CP_001"", ""connector_id"": 1, ""meter_value"": [{""timestamp"": ""2025-12-11T17:53:47+00:00"", ""sampled_value"": [{""value"": ""400.00"", ""measurand"": ""Voltage"", ""unit"": ""V""}, {""value"": ""17.269"", ""measurand"": ""Current.Import"", ""unit"": ""A""}, {""value"": ""6.908"", ""measurand"": ""Power.Active.Import"", ""unit"": ""kW""}, {""value"": ""20.05"", ""measurand"": ""SoC"", ""unit"": ""Percent""}]}], ""transaction_id"": 1, ""payload"": {}, ""message_type"": ""MeterValues"", ""timestamp"": ""2025-12-11T17:53:47.974894""}"
2025-12-11T17:53:47.988653,CP_002,MeterValues,"{""cp_id"": ""CP_002"", ""connector_id"": 1, ""meter_value"": [{""timestamp"": ""2025-12-11T17:53:47+00:00"", ""sampled_value"": [{""value"": ""400.00"", ""measurand"": ""Voltage"", ""unit"": ""V""}, {""value"": ""17.379"", ""measurand"": ""Current.Import"", ""unit"": ""A""}, {""value"": ""6.952"", ""measurand"": ""Power.Active.Import"", ""unit"": ""kW""}, {""value"": ""20.05"", ""measurand"": ""SoC"", ""unit"": ""Percent""}]}], ""transaction_id"": 1, ""payload"": {}, ""message_type"": ""MeterValues"", ""timestamp"": ""2025-12-11T17:53:47.988653""}"
2025-12-11T17:53:49.006859,CP_001,MeterValues,"{""cp_id"": ""CP_001"", ""connector_id"": 1, ""meter_value"": [{""timestamp"": ""2025-12-11T17:53:48+00:00"", ""sampled_value"": [{""value"": ""400.00"", ""measurand"": ""Voltage"", ""unit"": ""V""}, {""value"": ""17.376"", ""measurand"": ""Current.Import"", ""unit"": ""A""}, {""value"": ""6.950"", ""measurand"": ""Power.Active.Import"", ""unit"": ""kW""}, {""value"": ""20.05"", ""measurand"": ""SoC"", ""unit"": ""Percent""}]}], ""transaction_id"": 1, ""payload"": {}, ""message_type"": ""MeterValues"", ""timestamp"": ""2025-12-11T17:53:49.006859""}"
2025-12-11T17:53:49.019684,CP_002,MeterValues,"{""cp_id"": ""CP_002"", ""connector_id"": 1, ""meter_value"": [{""timestamp"": ""2025-12-11T17:53:49+00:00"", ""sampled_value"": [{""value"": ""400.00"", ""measurand"": ""Voltage"", ""unit"": ""V""}, {""value"": ""17.296"", ""measurand"": ""Current.Import"", ""unit"": ""A""}, {""value"": ""6.918"", ""measurand"": ""Power.Active.Import"", ""unit"": ""kW""}, {""value"": ""20.06"", ""measurand"": ""SoC"", ""unit"": ""Percent""}]}], ""transaction_id"": 1, ""payload"": {}, ""message_type"": ""MeterValues"", ""timestamp"": ""2025-12-11T17:53:49.019684""}"
2025-12-11T17:53:50.033630,CP_001,MeterValues,"{""cp_id"": ""CP_001"", ""connector_id"": 1, ""meter_value"": [{""timestamp"": ""2025-12-11T17:53:50+00:00"", ""sampled_value"": [{""value"": ""400.00"", ""measurand"": ""Voltage"", ""unit"": ""V""}, {""value"": ""18.201"", ""measurand"": ""Current.Import"", ""unit"": ""A""}, {""value"": ""7.280"", ""measurand"": ""Power.Active.Import"", ""unit"": ""kW""}, {""value"": ""20.06"", ""measurand"": ""SoC"", ""unit"": ""Percent""}]}], ""transaction_id"": 1, ""payload"": {}, ""message_type"": ""MeterValues"", ""timestamp"": ""2025-12-11T17:53:50.033630""}"
2025-12-11T17:53:50.036678,CP_002,MeterValues,"{""cp_id"": ""CP_002"", ""connector_id"": 1, ""meter_value"": [{""timestamp"": ""2025-12-11T17:53:50+00:00"", ""sampled_value"": [{""value"": ""400.00"", ""measurand"": ""Voltage"", ""unit"": ""V""}, {""value"": ""17.256"", ""measurand"": ""Current.Import"", ""unit"": ""A""}, {""value"": ""6.902"", ""measurand"": ""Power.Active.Import"", ""unit"": ""kW""}, {""value"": ""20.06"", ""measurand"": ""SoC"", ""unit"": ""Percent""}]}], ""transaction_id"": 1, ""payload"": {}, ""message_type"": ""MeterValues"", ""timestamp"": ""2025-12-11T17:53:50.036678""}"
2025-12-11T17:53:51.057527,CP_001,MeterValues,"{""cp_id"": ""CP_001"", ""connector_id"": 1, ""meter_value"": [{""timestamp"": ""2025-12-11T17:53:51+00:00"", ""sampled_value"": [{""value"": ""400.00"", ""measurand"": ""Voltage"", ""unit"": ""V""}, {""value"": ""16.813"", ""measurand"": ""Current.Import"", ""unit"": ""A""}, {""value"": ""6.725"", ""measurand"": ""Power.Active.Import"", ""unit"": ""kW""}, {""value"": ""20.06"", ""measurand"": ""SoC"", ""unit"": ""Percent""}]}], ""transaction_id"": 1, ""payload"": {}, ""message_type"": ""MeterValues"", ""timestamp"": ""2025-12-11T17:53:51.057527""}"
2025-12-11T17:53:51.070741,CP_002,MeterValues,"{""cp_id"": ""CP_002"", ""connector_id"": 1, ""meter_value"": [{""timestamp"": ""2025-12-11T17:53:51+00:00"", ""sampled_value"": [{""value"": ""400.00"", ""measurand"": ""Voltage"", ""unit"": ""V""}, {""value"": ""18.034"", ""measurand"": ""Current.Import"", ""unit"": ""A""}, {""value"": ""7.214"", ""measurand"": ""Power.Active.Import"", ""unit"": ""kW""}, {""value"": ""20.06"", ""measurand"": ""SoC"", ""unit"": ""Percent""}]}], ""transaction_id"": 1, ""payload"": {}, ""message_type"": ""MeterValues"", ""timestamp"": ""2025-12-11T17:53:51.070741""}"
2025-12-11T17:53:52.003937,CP_001,Heartbeat,"{""cp_id"": ""CP_001"", ""payload"": {}, ""message_type"": ""Heartbeat"", ""timestamp"": ""2025-12-11T17:53:52.003937""}"
2025-12-11T17:53:52.005121,CP_002,Heartbeat,"{""cp_id"": ""CP_002"", ""payload"": {}, ""message_type"": ""Heartbeat"", ""timestamp"": ""2025-12-11T17:53:52.005121""}"
2025-12-11T17:53:52.089026,CP_001,MeterValues,"{""cp_id"": ""CP_001"", ""connector_id"": 1, ""meter_value"": [{""timestamp"": ""2025-12-11T17:53:52+00:00"", ""sampled_value"": [{""value"": ""400.00"", ""measurand"": ""Voltage"", ""unit"": ""V""}, {""value"": ""18.073"", ""measurand"": ""Current.Import"", ""unit"": ""A""}, {""value"": ""7.229"", ""measurand"": ""Power.Active.Import"", ""unit"": ""kW""}, {""value"": ""20.06"", ""measurand"": ""SoC"", ""unit"": ""Percent""}]}], ""transaction_id"": 1, ""payload"": {}, ""message_type"": ""MeterValues"", ""timestamp"": ""2025-12-11T17:53:52.089026""}"
2025-12-11T17:53:52.103743,CP_002,MeterValues,"{""cp_id"": ""CP_002"", ""connector_id"": 1, ""meter_value"": [{""timestamp"": ""2025-12-11T17:53:52+00:00"", ""sampled_value"": [{""value"": ""400.00"", ""measurand"": ""Voltage"", ""unit"": ""V""}, {""value"": ""16.875"", ""measurand"": ""Current.Import"", ""unit"": ""A""}, {""value"": ""6.750"", ""measurand"": ""Power.Active.Import"", ""unit"": ""kW""}, {""value"": ""20.06"", ""measurand"": ""SoC"", ""unit"": ""Percent""}]}], ""transaction_id"": 1, ""payload"": {}, ""message_type"": ""MeterValues"", ""timestamp"": ""2025-12-11T17:53:52.103743""}"
2025-12-11T17:53:53+00:00,CP_001,StatusNotification,"{""cp_id"": ""CP_001"", ""connector_id"": 1, ""status"": ""Finishing"", ""error_code"": ""NoError"", ""timestamp"": ""2025-12-11T17:53:53+00:00"", ""payload"": {}, ""message_type"": ""StatusNotification""}"
2025-12-11T17:53:53+00:00,CP_001,StopTransaction,"{""cp_id"": ""CP_001"", ""transaction_id"": 1, ""meter_stop"": 0, ""timestamp"": ""2025-12-11T17:53:53+00:00"", ""payload"": {}, ""message_type"": ""StopTransaction""}"
2025-12-11T17:53:53+00:00,CP_001,StatusNotification,"{""cp_id"": ""CP_001"", ""connector_id"": 1, ""status"": ""Available"", ""error_code"": ""NoError"", ""timestamp"": ""2025-12-11T17:53:53+00:00"", ""payload"": {}, ""message_type"": ""StatusNotification""}"
2025-12-11T17:53:53+00:00,CP_002,StatusNotification,"{""cp_id"": ""CP_002"", ""connector_id"": 1, ""status"": ""Finishing"", ""error_code"": ""NoError"", ""timestamp"": ""2025-12-11T17:53:53+00:00"", ""payload"": {}, ""message_type"": ""StatusNotification""}"
2025-12-11T17:53:53+00:00,CP_002,StopTransaction,"{""cp_id"": ""CP_002"", ""transaction_id"": 1, ""meter_stop"": 0, ""timestamp"": ""2025-12-11T17:53:53+00:00"", ""payload"": {}, ""message_type"": ""StopTransaction""}"
2025-12-11T17:53:53+00:00,CP_002,StatusNotification,"{""cp_id"": ""CP_002"", ""connector_id"": 1, ""status"": ""Available"", ""error_code"": ""NoError"", ""timestamp"": ""2025-12-11T17:53:53+00:00"", ""payload"": {}, ""message_type"": ""StatusNotification""}"
